id,first_name,last_name,email,gender,completion_date
1,Emerson,Gerard,egerard0@naver.com,Male,2019-11-30
2,Henri,Fotitt,hfotitt1@bravesites.com,Male,2019-08-23
3,Gilberta,Bartocci,gbartocci2@xing.com,Female,2019-08-17
4,Cori,Oliveti,coliveti3@discuz.net,Female,2019-09-09
5,Aloin,Jales,ajales4@buzzfeed.com,Male,2019-03-01
6,Hobey,Gadman,hgadman5@opera.com,Male,2019-09-06
7,Elnar,Bowbrick,ebowbrick6@t.co,Male,2019-12-01
8,Woodman,Ettles,wettles7@joomla.org,Male,2020-01-14
9,Caritta,Domican,cdomican8@technorati.com,Female,2019-08-06
10,Barny,Breckell,bbreckell9@comcast.net,Male,2019-09-25
11,Domenic,Suffe,dsuffea@gmpg.org,Male,2019-02-21
12,Marshall,Bodill,mbodillb@goodreads.com,Male,2019-04-21
13,Giorgio,Vondrak,gvondrakc@is.gd,Male,2019-09-16
14,Babette,Walburn,bwalburnd@sitemeter.com,Female,2019-10-15
15,Ardisj,Tonbridge,atonbridgee@pen.io,Female,2019-06-03
16,Harland,Vallens,hvallensf@ed.gov,Male,2019-09-23
17,Huntlee,Gradon,hgradong@seesaa.net,Male,2019-12-22
18,Jonas,Wishart,jwisharth@yandex.ru,Male,2019-08-24
19,Halsy,Trett,htretti@wp.com,Male,2019-02-17
20,Raoul,Hidderley,rhidderleyj@amazon.de,Male,2019-12-02
21,Druci,Moorfield,dmoorfieldk@dailymail.co.uk,Female,2019-07-01
22,Jorey,Symper,jsymperl@newsvine.com,Female,2019-08-06
23,Angie,Scamerden,ascamerdenm@kickstarter.com,Male,2019-09-26
24,Cathrin,Taverner,ctavernern@google.de,Female,2019-11-18
25,Sutherland,Quarton,squartono@over-blog.com,Male,2019-10-30
26,Oralia,Broader,obroaderp@godaddy.com,Female,2019-03-14
27,Bob,Hackett,bhackettq@yandex.ru,Male,2020-01-24
28,Ann,Lawful,alawfulr@cloudflare.com,Female,2019-07-11
29,Terry,Unwins,tunwinss@hhs.gov,Male,2019-12-23
30,Natalie,Grave,ngravet@tmall.com,Female,2019-03-24
31,Alice,Chesnay,achesnayu@mtv.com,Female,2019-06-05
32,Julita,Heam,jheamv@adobe.com,Female,2019-08-20
33,Blanch,Truss,btrussw@slate.com,Female,2019-12-08
34,Merrill,Hedaux,mhedauxx@4shared.com,Male,2019-06-25
35,Tracie,Woodyer,twoodyery@macromedia.com,Male,2019-03-09
36,Bondy,Bosnell,bbosnellz@pbs.org,Male,2019-11-28
37,Loydie,Huygen,lhuygen10@thetimes.co.uk,Male,2019-11-01
38,Paulette,Paffley,ppaffley11@admin.ch,Female,2019-10-01
39,Sabra,Blesli,sblesli12@hud.gov,Female,2019-11-04
40,Giulietta,Mileham,gmileham13@slideshare.net,Female,2019-07-17
41,Colby,Youle,cyoule14@spotify.com,Male,2019-04-12
42,Loreen,Duckhouse,lduckhouse15@com.com,Female,2019-12-10
43,Cam,Heister,cheister16@fotki.com,Male,2019-08-30
44,Eb,Cayton,ecayton17@storify.com,Male,2019-03-24
45,Truman,Mahy,tmahy18@tripadvisor.com,Male,2019-08-30
46,Chane,Piletic,cpiletic19@mediafire.com,Male,2019-04-15
47,Gordy,Eggers,geggers1a@linkedin.com,Male,2019-12-27
48,Ransom,Drinkwater,rdrinkwater1b@auda.org.au,Male,2019-06-18
49,Keene,Braysher,kbraysher1c@google.com.hk,Male,2019-04-29
50,Florence,Bampford,fbampford1d@cpanel.net,Female,2019-03-04
51,Georgina,Shrieve,gshrieve1e@theguardian.com,Female,2019-07-15
52,Karia,Brake,kbrake1f@usgs.gov,Female,2019-10-28
53,Kiel,Cathro,kcathro1g@oakley.com,Male,2019-08-05
54,Frederico,Clawe,fclawe1h@php.net,Male,2019-09-24
55,Tammie,Jiroutka,tjiroutka1i@ocn.ne.jp,Female,2019-05-30
56,Christophorus,De Robertis,cderobertis1j@aboutads.info,Male,2019-02-05
57,Tommie,Frend,tfrend1k@shop-pro.jp,Male,2019-07-07
58,Scot,Chapelhow,schapelhow1l@bloglovin.com,Male,2019-04-29
59,Valry,Polye,vpolye1m@mozilla.com,Female,2019-07-04
60,Heall,Defrain,hdefrain1n@booking.com,Male,2019-08-22
61,Hurlee,Backes,hbackes1o@mapquest.com,Male,2019-09-16
62,Rolando,Chauvey,rchauvey1p@vk.com,Male,2020-01-05
63,Wendel,Sidebotton,wsidebotton1q@myspace.com,Male,2019-04-13
64,Mario,Fearnehough,mfearnehough1r@shareasale.com,Male,2019-12-04
65,Jana,Girsch,jgirsch1s@bloomberg.com,Female,2019-08-16
66,Shannah,Chalkly,schalkly1t@zimbio.com,Female,2019-12-25
67,Zara,Berrygun,zberrygun1u@phpbb.com,Female,2019-08-16
68,Inigo,Menichillo,imenichillo1v@nih.gov,Male,2019-10-21
69,Kermie,Jaqueminet,kjaqueminet1w@mozilla.com,Male,2019-07-30
70,Rosalia,Lincke,rlincke1x@mail.ru,Female,2019-02-02
71,Tallou,Lotwich,tlotwich1y@wiley.com,Female,2019-03-28
72,Webster,McVeighty,wmcveighty1z@blinklist.com,Male,2019-07-15
73,Karine,De Lisle,kdelisle20@vistaprint.com,Female,2019-04-11
74,Mehetabel,Snaden,msnaden21@merriam-webster.com,Female,2019-05-11
75,Tandi,Sprowle,tsprowle22@timesonline.co.uk,Female,2019-06-08
76,Felita,Showell,fshowell23@jimdo.com,Female,2019-09-15
77,Westbrooke,Gilliland,wgilliland24@deviantart.com,Male,2020-01-05
78,Kyle,Leavy,kleavy25@google.com.hk,Male,2019-09-26
79,Cristina,MacAdie,cmacadie26@ezinearticles.com,Female,2019-08-02
80,Matt,Kiltie,mkiltie27@angelfire.com,Male,2019-11-20
81,Eunice,Karppi,ekarppi28@wp.com,Female,2019-03-11
82,Sidonia,Hansel,shansel29@nifty.com,Female,2019-11-24
83,Ryann,Petrolli,rpetrolli2a@bloomberg.com,Female,2019-03-27
84,Eberhard,Mewitt,emewitt2b@nifty.com,Male,2019-12-08
85,Noni,Danilishin,ndanilishin2c@privacy.gov.au,Female,2019-04-11
86,Mohandis,Clempton,mclempton2d@soup.io,Male,2019-04-10
87,Jenine,Zanardii,jzanardii2e@nifty.com,Female,2019-09-28
88,Gayleen,Bielby,gbielby2f@cnn.com,Female,2019-02-27
89,Jerrold,Vouls,jvouls2g@liveinternet.ru,Male,2020-01-22
90,Nicolai,Flacke,nflacke2h@xinhuanet.com,Male,2019-08-03
91,Merwyn,Dubber,mdubber2i@techcrunch.com,Male,2019-04-11
92,Norry,Joblin,njoblin2j@eepurl.com,Male,2019-04-08
93,Edmund,Ridgers,eridgers2k@ebay.co.uk,Male,2019-05-25
94,Cele,Beringer,cberinger2l@china.com.cn,Female,2019-04-18
95,Kellen,Daenen,kdaenen2m@unblog.fr,Male,2019-03-26
96,Berty,Windrus,bwindrus2n@goo.ne.jp,Male,2019-04-27
97,Gerald,Gergher,ggergher2o@joomla.org,Male,2019-09-04
98,Royal,Darragh,rdarragh2p@harvard.edu,Male,2019-03-21
99,Nickey,Fernely,nfernely2q@ifeng.com,Male,2019-09-06
100,Seth,McRorie,smcrorie2r@bravesites.com,Male,2019-10-31
101,Lowe,Gypson,lgypson2s@webeden.co.uk,Male,2019-08-21
102,Parsifal,Secker,psecker2t@oracle.com,Male,2020-01-05
103,Amalle,MacElharge,amacelharge2u@google.it,Female,2019-12-07
104,Welbie,Barthorpe,wbarthorpe2v@unblog.fr,Male,2019-11-26
105,Heath,Haruard,hharuard2w@github.com,Male,2019-07-17
106,Red,Purbrick,rpurbrick2x@google.co.jp,Male,2019-10-13
107,Peri,Cassimer,pcassimer2y@gravatar.com,Female,2019-06-02
108,Demeter,Mycock,dmycock2z@bbb.org,Female,2019-05-17
109,Ignace,Sangster,isangster30@alexa.com,Male,2019-07-29
110,Corney,Cappleman,ccappleman31@zdnet.com,Male,2019-09-04
111,Brittni,Pruce,bpruce32@nba.com,Female,2019-05-05
112,Jillian,Cockram,jcockram33@cargocollective.com,Female,2019-11-04
113,Izabel,Petricek,ipetricek34@narod.ru,Female,2019-08-22
114,Giffer,Wasmuth,gwasmuth35@hhs.gov,Male,2019-09-19
115,Galina,Mosdell,gmosdell36@mapy.cz,Female,2020-01-27
116,Nelle,McPheat,nmcpheat37@pcworld.com,Female,2020-01-04
117,Nico,Fulep,nfulep38@zdnet.com,Male,2019-12-07
118,Raffaello,Grew,rgrew39@china.com.cn,Male,2019-02-14
119,Vitoria,Bensen,vbensen3a@umn.edu,Female,2019-09-04
120,Steffi,Pynner,spynner3b@hubpages.com,Female,2019-08-08
121,Ennis,Kemmett,ekemmett3c@indiatimes.com,Male,2019-06-24
122,Gal,Krout,gkrout3d@hibu.com,Male,2019-04-17
123,Aylmer,Jime,ajime3e@360.cn,Male,2019-08-25
124,Freddie,Mayoral,fmayoral3f@bravesites.com,Female,2019-10-30
125,Raviv,Bezzant,rbezzant3g@t-online.de,Male,2019-06-26
126,Maddie,Geydon,mgeydon3h@sogou.com,Male,2019-08-08
127,Rosalinde,Syce,rsyce3i@sohu.com,Female,2019-05-12
128,Stephi,Pail,spail3j@boston.com,Female,2019-05-05
129,Tedmund,Baker,tbaker3k@is.gd,Male,2019-07-24
130,Lidia,Ruggen,lruggen3l@sciencedirect.com,Female,2019-02-17
131,Glyn,Causer,gcauser3m@sina.com.cn,Female,2019-11-12
132,Corabel,Bowle,cbowle3n@usda.gov,Female,2019-03-01
133,Tiena,Hedau,thedau3o@sphinn.com,Female,2019-02-27
134,Lynn,Knoble,lknoble3p@weibo.com,Female,2019-03-22
135,Sheeree,Butland,sbutland3q@google.ru,Female,2019-03-16
136,Rhianon,Daunay,rdaunay3r@multiply.com,Female,2019-06-14
137,Misty,Braham,mbraham3s@cbc.ca,Female,2019-09-16
138,Selestina,Bentson,sbentson3t@nasa.gov,Female,2020-01-31
139,Merrielle,Pedwell,mpedwell3u@wired.com,Female,2019-09-01
140,Lissy,Forryan,lforryan3v@yandex.ru,Female,2020-01-09
141,Patric,Kaasmann,pkaasmann3w@mayoclinic.com,Male,2019-09-14
142,Kalinda,Shillinglaw,kshillinglaw3x@behance.net,Female,2019-09-11
143,Harlen,McTeggart,hmcteggart3y@reuters.com,Male,2019-07-06
144,Eberhard,Penny,epenny3z@netlog.com,Male,2019-05-29
145,Sheeree,Medford,smedford40@hc360.com,Female,2019-06-30
146,Laure,Larkkem,llarkkem41@google.com.hk,Female,2020-01-13
147,Gabbie,Tipler,gtipler42@pen.io,Female,2019-02-28
148,Luciana,Forcer,lforcer43@apache.org,Female,2019-05-19
149,Farris,Kenrat,fkenrat44@sakura.ne.jp,Male,2019-02-02
150,Goldia,Buist,gbuist45@reverbnation.com,Female,2019-11-22
151,Sayer,Pavese,spavese46@wordpress.com,Male,2019-06-07
152,Enoch,Olekhov,eolekhov47@omniture.com,Male,2019-12-17
153,Lauryn,Luckings,lluckings48@uol.com.br,Female,2019-06-21
154,Gareth,Braunfeld,gbraunfeld49@sina.com.cn,Male,2019-08-20
155,Brendan,Blanko,bblanko4a@fc2.com,Male,2019-04-01
156,Tanner,Cranmor,tcranmor4b@nih.gov,Male,2019-02-04
157,Marylynne,Matis,mmatis4c@timesonline.co.uk,Female,2019-12-01
158,Katee,Gaffney,kgaffney4d@goo.gl,Female,2019-12-15
159,Verge,Marrington,vmarrington4e@pen.io,Male,2020-01-03
160,Eldin,McGarrity,emcgarrity4f@nytimes.com,Male,2019-06-01
161,Hertha,Ettridge,hettridge4g@surveymonkey.com,Female,2019-11-13
162,Alfonse,Wichard,awichard4h@redcross.org,Male,2019-05-19
163,Gaby,Bothen,gbothen4i@pagesperso-orange.fr,Female,2019-08-27
164,Bruce,Chatelet,bchatelet4j@go.com,Male,2019-10-23
165,Addie,Hounson,ahounson4k@exblog.jp,Female,2019-06-26
166,Matelda,Cleminson,mcleminson4l@deviantart.com,Female,2019-11-10
167,Pall,Bufton,pbufton4m@ed.gov,Male,2019-03-30
168,Sumner,Summerlad,ssummerlad4n@ebay.co.uk,Male,2020-01-22
169,Tommie,Gergler,tgergler4o@weebly.com,Male,2019-06-17
170,Sim,Heintzsch,sheintzsch4p@tinyurl.com,Male,2019-10-06
171,Lancelot,Trillo,ltrillo4q@opera.com,Male,2019-09-11
172,Deeanne,Tolumello,dtolumello4r@posterous.com,Female,2019-09-06
173,Worthington,Timblett,wtimblett4s@unblog.fr,Male,2019-11-11
174,Chancey,Coleford,ccoleford4t@pbs.org,Male,2019-12-04
175,Lurleen,Grayer,lgrayer4u@goodreads.com,Female,2019-04-09
176,Willi,Esposito,wesposito4v@myspace.com,Female,2019-11-05
177,Ali,Jost,ajost4w@amazon.co.jp,Female,2019-04-24
178,Clarette,Balston,cbalston4x@msn.com,Female,2019-12-11
179,Griff,Frankema,gfrankema4y@xinhuanet.com,Male,2019-02-27
180,Hillard,Oriel,horiel4z@wp.com,Male,2019-10-06
181,Prentiss,Fairbourne,pfairbourne50@fema.gov,Male,2019-12-18
182,Ryann,Stirling,rstirling51@jalbum.net,Female,2019-02-04
183,Tedd,Heffernan,theffernan52@icio.us,Male,2019-06-22
184,Enrique,Wenn,ewenn53@xing.com,Male,2019-10-08
185,Mateo,Petrowsky,mpetrowsky54@ibm.com,Male,2019-10-09
186,Saxon,Caldaro,scaldaro55@paginegialle.it,Male,2019-11-10
187,Costa,Butchard,cbutchard56@naver.com,Male,2019-02-15
188,Mick,Baldree,mbaldree57@seesaa.net,Male,2019-08-26
189,Belvia,Bandey,bbandey58@drupal.org,Female,2019-02-06
190,Delmar,Dunniom,ddunniom59@walmart.com,Male,2019-10-15
191,Rubie,Merigot,rmerigot5a@exblog.jp,Female,2019-08-28
192,Gardy,Fergusson,gfergusson5b@so-net.ne.jp,Male,2019-03-30
193,Irene,Etheridge,ietheridge5c@hhs.gov,Female,2019-06-07
194,Joscelin,Healy,jhealy5d@thetimes.co.uk,Female,2020-01-31
195,Ida,Monkeman,imonkeman5e@ebay.com,Female,2019-02-10
196,Evyn,Yakebovitch,eyakebovitch5f@tumblr.com,Male,2019-03-21
197,Kirsteni,Dyde,kdyde5g@is.gd,Female,2019-03-27
198,Flemming,Vanyashin,fvanyashin5h@parallels.com,Male,2019-03-22
199,Bren,Bewicke,bbewicke5i@illinois.edu,Male,2019-09-23
200,Haily,Luxford,hluxford5j@illinois.edu,Female,2019-10-29
201,Bobbette,L'argent,blargent5k@canalblog.com,Female,2019-11-02
202,Joelie,Zuker,jzuker5l@nasa.gov,Female,2019-05-14
203,Roanne,Standbrook,rstandbrook5m@meetup.com,Female,2019-11-09
204,Knox,Speirs,kspeirs5n@surveymonkey.com,Male,2019-03-10
205,Xavier,Matashkin,xmatashkin5o@elegantthemes.com,Male,2019-06-27
206,Valentin,Kid,vkid5p@whitehouse.gov,Male,2019-08-12
207,Leonhard,Mears,lmears5q@google.ca,Male,2019-03-13
208,Conrad,Chard,cchard5r@nasa.gov,Male,2019-02-19
209,Carlye,Finey,cfiney5s@sohu.com,Female,2019-10-27
210,Gaven,Ronci,gronci5t@nyu.edu,Male,2019-06-30
211,Claudio,Sirl,csirl5u@arstechnica.com,Male,2019-03-17
212,Araldo,Gerhardt,agerhardt5v@sina.com.cn,Male,2019-05-16
213,Ermina,Iacabucci,eiacabucci5w@typepad.com,Female,2020-01-05
214,Beauregard,Muldownie,bmuldownie5x@dell.com,Male,2019-08-10
215,Candis,Van der Hoeven,cvanderhoeven5y@skype.com,Female,2020-01-17
216,Stephine,Clarkson,sclarkson5z@vk.com,Female,2019-11-19
217,Julita,Millmoe,jmillmoe60@narod.ru,Female,2019-06-02
218,Blinnie,Oen,boen61@gmpg.org,Female,2019-09-03
219,Eugenie,Ceney,eceney62@myspace.com,Female,2019-02-14
220,Newton,McGillivray,nmcgillivray63@opensource.org,Male,2019-08-01
221,Dougy,Pencost,dpencost64@people.com.cn,Male,2019-10-17
222,Fabien,Rraundl,frraundl65@guardian.co.uk,Male,2019-03-09
223,Mellisa,Claypoole,mclaypoole66@webs.com,Female,2020-01-20
224,Rhiamon,Kunzelmann,rkunzelmann67@sbwire.com,Female,2019-02-25
225,Ruthann,Trosdall,rtrosdall68@privacy.gov.au,Female,2019-07-07
226,Opalina,Lowdiane,olowdiane69@uol.com.br,Female,2019-03-20
227,Leesa,Villiers,lvilliers6a@youtube.com,Female,2019-04-18
228,Alair,Devorill,adevorill6b@google.com,Male,2019-12-09
229,Fredericka,Allenson,fallenson6c@nytimes.com,Female,2019-07-15
230,Breanne,Bisley,bbisley6d@earthlink.net,Female,2019-03-09
231,Silvano,Tidey,stidey6e@sfgate.com,Male,2019-08-07
232,Tim,Yabsley,tyabsley6f@weibo.com,Male,2019-04-29
233,Tybie,Leggat,tleggat6g@indiatimes.com,Female,2019-02-11
234,Carlotta,Lenham,clenham6h@oakley.com,Female,2019-07-01
235,Wren,Badini,wbadini6i@canalblog.com,Female,2019-04-01
236,Vivie,Gumbley,vgumbley6j@nytimes.com,Female,2020-01-24
237,Mufinella,Christopher,mchristopher6k@vinaora.com,Female,2019-11-06
238,Nata,Linbohm,nlinbohm6l@geocities.com,Female,2019-03-26
239,Garrick,Musk,gmusk6m@zimbio.com,Male,2019-08-12
240,Dell,Shields,dshields6n@ow.ly,Female,2019-08-11
241,Ichabod,MacAndreis,imacandreis6o@1und1.de,Male,2019-09-27
242,Mike,Riggert,mriggert6p@slashdot.org,Male,2019-11-17
243,Corny,Pally,cpally6q@facebook.com,Female,2019-06-30
244,Ivette,Fendt,ifendt6r@netlog.com,Female,2019-08-24
245,Phil,Jurick,pjurick6s@mashable.com,Male,2019-02-17
246,Constantine,Tabary,ctabary6t@alexa.com,Male,2019-08-18
247,Finlay,Castello,fcastello6u@cnbc.com,Male,2019-07-16
248,Carolus,Bailie,cbailie6v@nhs.uk,Male,2019-02-28
249,Ram,Gilardone,rgilardone6w@pbs.org,Male,2019-04-13
250,Christophe,Bilby,cbilby6x@list-manage.com,Male,2019-09-22
251,Ogden,Mecco,omecco6y@nps.gov,Male,2019-08-08
252,Pail,Forgan,pforgan6z@naver.com,Male,2019-02-01
253,Welch,Rawlingson,wrawlingson70@qq.com,Male,2019-06-04
254,Thor,Antonsen,tantonsen71@reddit.com,Male,2019-09-28
255,Nikolia,Mattiazzo,nmattiazzo72@fc2.com,Female,2019-05-29
256,Hiram,Hoodlass,hhoodlass73@1und1.de,Male,2019-03-28
257,Karna,Spriggen,kspriggen74@com.com,Female,2019-10-07
258,Cornall,Dishman,cdishman75@hibu.com,Male,2019-11-17
259,Gisele,Attwoul,gattwoul76@theglobeandmail.com,Female,2019-12-18
260,Bruce,McKennan,bmckennan77@nba.com,Male,2019-12-17
261,Culver,Wenden,cwenden78@so-net.ne.jp,Male,2019-09-17
262,Kynthia,Stanlake,kstanlake79@utexas.edu,Female,2020-01-16
263,Blakeley,Pittham,bpittham7a@tumblr.com,Female,2019-03-17
264,Hans,Torel,htorel7b@shutterfly.com,Male,2019-06-07
265,Mathew,Hampe,mhampe7c@yandex.ru,Male,2019-10-25
266,Alvie,Cavanaugh,acavanaugh7d@scientificamerican.com,Male,2019-06-01
267,Iris,Dunckley,idunckley7e@cisco.com,Female,2020-01-01
268,Jessalyn,Jollie,jjollie7f@csmonitor.com,Female,2019-09-06
269,Jud,Teresia,jteresia7g@jigsy.com,Male,2019-04-11
270,Waldon,Conroy,wconroy7h@pinterest.com,Male,2019-02-18
271,Orelee,Stirley,ostirley7i@nasa.gov,Female,2019-12-25
272,Avrit,Chipp,achipp7j@eventbrite.com,Female,2019-04-24
273,Kitti,Ogborn,kogborn7k@dot.gov,Female,2019-09-21
274,Sonny,Smithson,ssmithson7l@cisco.com,Male,2020-01-01
275,Cyrillus,Szanto,cszanto7m@ask.com,Male,2019-12-13
276,Mirabelle,Frensch,mfrensch7n@merriam-webster.com,Female,2019-09-05
277,Christiane,Haney`,chaney7o@jiathis.com,Female,2019-02-15
278,Isador,Fewlass,ifewlass7p@ezinearticles.com,Male,2019-12-25
279,Feliks,Parks,fparks7q@topsy.com,Male,2019-04-19
280,Harley,Imloch,himloch7r@china.com.cn,Female,2019-12-03
281,Milty,Hartop,mhartop7s@nationalgeographic.com,Male,2020-01-23
282,Hamil,Zelner,hzelner7t@rakuten.co.jp,Male,2019-08-26
283,Minnnie,Trevarthen,mtrevarthen7u@cloudflare.com,Female,2020-01-12
284,Sloane,Webling,swebling7v@unicef.org,Male,2019-04-28
285,Cherry,Albion,calbion7w@wunderground.com,Female,2019-05-06
286,Paige,Torpie,ptorpie7x@clickbank.net,Female,2019-06-30
287,Elroy,Jakel,ejakel7y@w3.org,Male,2019-07-29
288,Ellyn,Itter,eitter7z@cbslocal.com,Female,2019-06-03
289,Fidelia,Costock,fcostock80@techcrunch.com,Female,2019-08-19
290,Ninon,Folker,nfolker81@free.fr,Female,2019-06-24
291,Bethanne,Kamiyama,bkamiyama82@hp.com,Female,2019-07-12
292,Jerad,Durham,jdurham83@guardian.co.uk,Male,2019-10-03
293,Jocelin,Tenaunt,jtenaunt84@jimdo.com,Female,2019-10-02
294,Hillary,Endley,hendley85@desdev.cn,Female,2019-05-21
295,Larry,Djurdjevic,ldjurdjevic86@imdb.com,Male,2020-01-06
296,Lauralee,Bonhan,lbonhan87@cpanel.net,Female,2019-07-28
297,Roley,Effaunt,reffaunt88@scientificamerican.com,Male,2019-12-22
298,Beatrice,Gooder,bgooder89@myspace.com,Female,2019-03-05
299,Danny,Sarfati,dsarfati8a@google.it,Female,2019-02-10
300,Denice,Ralton,dralton8b@engadget.com,Female,2019-08-27
301,Rudolph,Croshaw,rcroshaw8c@netscape.com,Male,2019-05-22
302,Allan,Sloegrave,asloegrave8d@jugem.jp,Male,2020-01-02
303,Augusto,Margrie,amargrie8e@addtoany.com,Male,2019-08-24
304,Padget,Ferrieroi,pferrieroi8f@wordpress.org,Male,2019-04-01
305,Nicholle,Mc Queen,nmcqueen8g@example.com,Female,2019-06-25
306,Bria,Ace,bace8h@walmart.com,Female,2019-02-15
307,Dennie,Worsley,dworsley8i@ft.com,Female,2019-12-23
308,Amil,Hannan,ahannan8j@acquirethisname.com,Female,2020-01-31
309,Logan,Spruce,lspruce8k@blogs.com,Male,2019-04-13
310,Isador,Oldcote,ioldcote8l@irs.gov,Male,2019-09-21
311,Lacey,O'Cannavan,locannavan8m@google.com.au,Female,2019-12-02
312,Carissa,Metcalf,cmetcalf8n@wikimedia.org,Female,2019-05-14
313,Rafe,Trump,rtrump8o@about.com,Male,2019-09-01
314,Verine,Hulke,vhulke8p@chicagotribune.com,Female,2019-12-13
315,Kenna,Yalden,kyalden8q@netscape.com,Female,2019-08-03
316,Dirk,Boleyn,dboleyn8r@joomla.org,Male,2020-01-05
317,Paige,Benasik,pbenasik8s@zdnet.com,Female,2019-05-10
318,Merridie,Graalman,mgraalman8t@ocn.ne.jp,Female,2019-10-13
319,Gloriana,Richardson,grichardson8u@abc.net.au,Female,2019-11-01
320,Whitney,Garthshore,wgarthshore8v@gmpg.org,Female,2019-07-07
321,Hermann,MacFie,hmacfie8w@upenn.edu,Male,2019-09-12
322,Jackquelin,Minelli,jminelli8x@reddit.com,Female,2019-03-04
323,Kiel,Shaul,kshaul8y@hexun.com,Male,2019-09-08
324,Kathlin,Rohan,krohan8z@github.io,Female,2019-11-12
325,Minna,Olech,molech90@hud.gov,Female,2019-11-20
326,Emmaline,Cannon,ecannon91@elpais.com,Female,2019-08-14
327,Jannelle,Menchenton,jmenchenton92@addthis.com,Female,2019-06-09
328,Brook,Donaher,bdonaher93@cnbc.com,Male,2019-08-14
329,Emilia,Barradell,ebarradell94@mysql.com,Female,2019-06-25
330,Alphonse,Gower,agower95@engadget.com,Male,2019-11-11
331,Caralie,Manthroppe,cmanthroppe96@cisco.com,Female,2019-04-06
332,Tammy,Stanmore,tstanmore97@google.com.hk,Female,2019-08-24
333,Robinet,O' Sullivan,rosullivan98@tuttocitta.it,Female,2020-01-26
334,Lorilee,Beavors,lbeavors99@acquirethisname.com,Female,2019-12-22
335,Jarrad,Cluelow,jcluelow9a@ycombinator.com,Male,2019-10-17
336,Rodi,Lerven,rlerven9b@51.la,Female,2019-03-21
337,Tedd,Falloon,tfalloon9c@va.gov,Male,2019-05-06
338,Alfred,Fance,afance9d@blog.com,Male,2019-03-17
339,Gretchen,McMickan,gmcmickan9e@linkedin.com,Female,2019-11-11
340,Sibbie,Draaisma,sdraaisma9f@studiopress.com,Female,2019-11-26
341,Kelbee,Toppas,ktoppas9g@hhs.gov,Male,2019-10-16
342,Carlynn,Easlea,ceaslea9h@barnesandnoble.com,Female,2019-03-07
343,Nichole,Duckworth,nduckworth9i@cnbc.com,Male,2019-03-10
344,Alexandro,Broadwell,abroadwell9j@virginia.edu,Male,2019-12-13
345,Cart,Cowherd,ccowherd9k@pinterest.com,Male,2019-05-30
346,Otho,Dimmack,odimmack9l@berkeley.edu,Male,2019-02-14
347,Faythe,Huot,fhuot9m@toplist.cz,Female,2019-02-28
348,Lodovico,McCay,lmccay9n@goo.gl,Male,2019-10-03
349,Cash,Slimm,cslimm9o@purevolume.com,Male,2019-09-13
350,Harry,Grimshaw,hgrimshaw9p@google.nl,Male,2019-05-12
351,Gretna,Edlington,gedlington9q@flickr.com,Female,2019-12-02
352,Simona,Mattack,smattack9r@multiply.com,Female,2019-10-09
353,Hersch,McDyer,hmcdyer9s@census.gov,Male,2019-07-17
354,Eddy,D'Alesco,edalesco9t@51.la,Male,2019-06-24
355,Alexandros,Layborn,alayborn9u@umn.edu,Male,2019-08-16
356,Demetra,Eagleton,deagleton9v@narod.ru,Female,2019-03-01
357,Rosanne,Whild,rwhild9w@123-reg.co.uk,Female,2019-05-25
358,Cherrita,Hannigane,channigane9x@meetup.com,Female,2019-11-17
359,Si,Gouge,sgouge9y@1und1.de,Male,2019-07-16
360,Giustina,Nizard,gnizard9z@discuz.net,Female,2020-01-20
361,Cecil,Doughartie,cdoughartiea0@webmd.com,Male,2019-11-26
362,Frederick,Tapp,ftappa1@i2i.jp,Male,2019-06-09
363,Lacey,Kirrage,lkirragea2@bloglovin.com,Female,2020-01-13
364,Dasi,Hawke,dhawkea3@ucla.edu,Female,2019-04-01
365,Ilsa,Reedshaw,ireedshawa4@foxnews.com,Female,2019-04-22
366,Rickert,Czajkowska,rczajkowskaa5@networkadvertising.org,Male,2019-10-08
367,Pammy,Larter,plartera6@aboutads.info,Female,2020-01-22
368,Oswell,Baraclough,obaraclougha7@google.com,Male,2020-01-14
369,Peyter,Anderer,panderera8@who.int,Male,2019-03-10
370,Vasili,Bowell,vbowella9@soup.io,Male,2019-05-23
371,Normand,Webland,nweblandaa@phoca.cz,Male,2019-03-18
372,Gray,Alwood,galwoodab@ifeng.com,Female,2019-11-27
373,Fiona,Todari,ftodariac@illinois.edu,Female,2020-01-05
374,Ezechiel,Hulstrom,ehulstromad@issuu.com,Male,2019-06-05
375,Ronda,Caddock,rcaddockae@cam.ac.uk,Female,2020-01-23
376,Tony,Humphery,thumpheryaf@oaic.gov.au,Male,2019-05-11
377,Sonia,Stookes,sstookesag@surveymonkey.com,Female,2019-05-05
378,Stavro,Purslow,spurslowah@1688.com,Male,2019-09-01
379,Jared,Pavek,jpavekai@ibm.com,Male,2019-03-13
380,Gualterio,Folliss,gfollissaj@diigo.com,Male,2019-02-02
381,Teresina,Borsi,tborsiak@live.com,Female,2019-11-14
382,Keane,Zotto,kzottoal@dedecms.com,Male,2019-07-23
383,Janeta,Irnis,jirnisam@i2i.jp,Female,2019-04-10
384,Michal,Pinhorn,mpinhornan@eepurl.com,Female,2019-09-18
385,Weber,Mewes,wmewesao@patch.com,Male,2019-05-18
386,Merl,Eplett,meplettap@yelp.com,Female,2020-01-28
387,Bambi,Dowdam,bdowdamaq@ow.ly,Female,2019-02-24
388,Flss,Simmig,fsimmigar@usnews.com,Female,2020-01-05
389,Jeane,Pawle,jpawleas@howstuffworks.com,Female,2019-09-26
390,Kylynn,Foux,kfouxat@nps.gov,Female,2019-08-31
391,Appolonia,Miller,amillerau@bbb.org,Female,2019-09-20
392,Barnabas,Sutherby,bsutherbyav@bloglines.com,Male,2019-07-09
393,Estella,Elcom,eelcomaw@liveinternet.ru,Female,2019-08-27
394,Alameda,Raggitt,araggittax@nasa.gov,Female,2019-08-04
395,Derrick,Ryley,dryleyay@parallels.com,Male,2019-11-09
396,Alberto,McCaghan,amccaghanaz@kickstarter.com,Male,2019-09-19
397,Dolf,Josebury,djoseburyb0@bravesites.com,Male,2019-04-17
398,Marv,Danett,mdanettb1@nyu.edu,Male,2019-09-17
399,Kendre,Orridge,korridgeb2@thetimes.co.uk,Female,2019-12-19
400,Lenard,Fairley,lfairleyb3@cdbaby.com,Male,2019-07-27
401,Tabor,Dibben,tdibbenb4@unicef.org,Male,2019-05-08
402,Niels,Livick,nlivickb5@cornell.edu,Male,2019-02-11
403,Andy,Juris,ajurisb6@stanford.edu,Male,2019-09-16
404,Jillayne,Jeste,jjesteb7@barnesandnoble.com,Female,2019-04-10
405,Konstantin,Debney,kdebneyb8@etsy.com,Male,2019-10-03
406,Jackelyn,Kenworthy,jkenworthyb9@people.com.cn,Female,2019-05-13
407,Kayla,Molohan,kmolohanba@facebook.com,Female,2019-09-21
408,Clara,Handyside,chandysidebb@umich.edu,Female,2019-10-18
409,Blondy,Megroff,bmegroffbc@mozilla.org,Female,2019-10-19
410,Enoch,Yesinin,eyesininbd@cmu.edu,Male,2019-11-08
411,Abey,Greenier,agreenierbe@ask.com,Male,2019-08-31
412,Orton,Douty,odoutybf@craigslist.org,Male,2020-01-16
413,Harland,Dykas,hdykasbg@woothemes.com,Male,2019-10-14
414,Esta,Balmadier,ebalmadierbh@google.com.hk,Female,2019-07-18
415,Frazier,Hadingham,fhadinghambi@ca.gov,Male,2019-08-15
416,Antonella,Shillington,ashillingtonbj@artisteer.com,Female,2019-07-11
417,Timothy,Towne,ttownebk@chicagotribune.com,Male,2019-06-01
418,Tracy,Magister,tmagisterbl@bloglovin.com,Female,2019-10-07
419,Cletis,Greatham,cgreathambm@infoseek.co.jp,Male,2019-10-05
420,Tiffi,Skryne,tskrynebn@linkedin.com,Female,2019-09-27
421,Mendie,Merle,mmerlebo@kickstarter.com,Male,2019-11-21
422,Lizzy,Tomkins,ltomkinsbp@etsy.com,Female,2019-09-25
423,Shea,Grizard,sgrizardbq@skyrock.com,Female,2019-06-06
424,Felike,Lippiatt,flippiattbr@stumbleupon.com,Male,2019-08-07
425,Carlye,Rounsivall,crounsivallbs@umich.edu,Female,2020-01-09
426,Killy,Purton,kpurtonbt@blogger.com,Male,2019-10-27
427,Marillin,Rathmell,mrathmellbu@netlog.com,Female,2019-08-06
428,Brady,Whiskerd,bwhiskerdbv@cnet.com,Male,2020-01-27
429,Hector,Paquet,hpaquetbw@telegraph.co.uk,Male,2019-11-03
430,Beverlie,McBeath,bmcbeathbx@zdnet.com,Female,2019-03-31
431,Abner,Willingham,awillinghamby@answers.com,Male,2019-12-01
432,Kale,Bygott,kbygottbz@lulu.com,Male,2019-09-16
433,Andromache,Chestney,achestneyc0@wordpress.org,Female,2019-11-20
434,Terry,Quarry,tquarryc1@plala.or.jp,Male,2019-04-07
435,Elane,Hagland,ehaglandc2@w3.org,Female,2019-09-13
436,Jude,Trubshawe,jtrubshawec3@dailymail.co.uk,Male,2019-04-26
437,Lincoln,Bowles,lbowlesc4@uol.com.br,Male,2019-09-26
438,Marji,Olivi,molivic5@over-blog.com,Female,2019-04-02
439,Cecilla,Sibbons,csibbonsc6@artisteer.com,Female,2019-08-26
440,Norbert,Keerl,nkeerlc7@uol.com.br,Male,2019-03-02
441,Padraic,Impett,pimpettc8@illinois.edu,Male,2019-04-13
442,Irving,Greendale,igreendalec9@netscape.com,Male,2019-03-26
443,Skye,Milberry,smilberryca@nhs.uk,Male,2019-10-22
444,Joell,Van Arsdall,jvanarsdallcb@yellowbook.com,Female,2019-07-29
445,Feodora,Wysome,fwysomecc@cafepress.com,Female,2019-06-08
446,Harriette,Berrisford,hberrisfordcd@blog.com,Female,2019-09-29
447,Miles,Quincey,mquinceyce@desdev.cn,Male,2019-10-21
448,Retha,Nisby,rnisbycf@ucoz.ru,Female,2019-08-26
449,Deanna,de Clerq,ddeclerqcg@tripod.com,Female,2019-10-28
450,Kurt,Linklater,klinklaterch@foxnews.com,Male,2019-11-23
451,Raymond,Akerman,rakermanci@foxnews.com,Male,2019-05-31
452,Renell,Boch,rbochcj@hatena.ne.jp,Female,2019-04-22
453,Mira,Rigard,mrigardck@gizmodo.com,Female,2019-12-16
454,Vivianna,Cutridge,vcutridgecl@ft.com,Female,2019-09-15
455,Alverta,Kitt,akittcm@booking.com,Female,2019-02-15
456,Korey,Willcot,kwillcotcn@feedburner.com,Male,2020-01-31
457,Marie-ann,Witherop,mwitheropco@cdbaby.com,Female,2019-06-08
458,Duffie,Pickard,dpickardcp@usa.gov,Male,2020-01-29
459,Lincoln,Ranyelld,lranyelldcq@nymag.com,Male,2019-05-28
460,Irwin,Olver,iolvercr@ca.gov,Male,2019-10-04
461,Inna,Haggart,ihaggartcs@gov.uk,Female,2019-07-01
462,Elly,Garlett,egarlettct@cargocollective.com,Female,2019-10-13
463,Charin,Treadger,ctreadgercu@elegantthemes.com,Female,2019-06-08
464,Christen,Melior,cmeliorcv@cornell.edu,Female,2019-03-24
465,Chaunce,Rains,crainscw@drupal.org,Male,2019-04-26
466,Bunnie,Scattergood,bscattergoodcx@livejournal.com,Female,2019-05-14
467,Ozzie,Tunnicliff,otunnicliffcy@networksolutions.com,Male,2019-12-11
468,Antonia,Emblin,aemblincz@mail.ru,Female,2019-11-10
469,Athena,Cashen,acashend0@go.com,Female,2019-05-23
470,Nady,Kerner,nkernerd1@discuz.net,Female,2019-09-16
471,Bowie,Lechelle,blechelled2@phpbb.com,Male,2019-10-26
472,Eimile,Capoun,ecapound3@diigo.com,Female,2020-01-24
473,Klement,Shew,kshewd4@addtoany.com,Male,2019-03-26
474,Laureen,Bozworth,lbozworthd5@rediff.com,Female,2019-11-16
475,Xever,Hambridge,xhambridged6@yahoo.com,Male,2020-01-18
476,Barbie,Lamball,blamballd7@usnews.com,Female,2019-10-14
477,Aili,Ziemen,aziemend8@ed.gov,Female,2019-07-04
478,Edmon,Janous,ejanousd9@i2i.jp,Male,2020-01-29
479,Tony,Crich,tcrichda@github.com,Female,2020-01-04
480,Tildie,Kelcey,tkelceydb@netscape.com,Female,2019-12-30
481,Padriac,Kayzer,pkayzerdc@webnode.com,Male,2019-09-18
482,Otes,Loughead,olougheaddd@ameblo.jp,Male,2019-04-29
483,Felicdad,Putland,fputlandde@people.com.cn,Female,2019-04-11
484,Karna,Marner,kmarnerdf@blogtalkradio.com,Female,2020-01-15
485,Cully,Eccles,cecclesdg@list-manage.com,Male,2019-07-27
486,Gabey,Clardge,gclardgedh@skyrock.com,Female,2019-10-28
487,Devy,Murdy,dmurdydi@dion.ne.jp,Male,2019-02-24
488,Raven,Phillimore,rphillimoredj@sohu.com,Female,2019-12-10
489,Kerianne,Lapidus,klapidusdk@newsvine.com,Female,2019-08-06
490,Hamil,Vaudrey,hvaudreydl@oracle.com,Male,2019-11-18
491,Renata,Antoszczyk,rantoszczykdm@unc.edu,Female,2019-04-07
492,Luise,Freezor,lfreezordn@lulu.com,Female,2019-02-26
493,Crawford,Colcutt,ccolcuttdo@bandcamp.com,Male,2019-06-03
494,Arabel,Perigo,aperigodp@ameblo.jp,Female,2020-01-06
495,Frants,Swatton,fswattondq@bing.com,Male,2019-04-18
496,Mommy,McGibbon,mmcgibbondr@soundcloud.com,Female,2019-12-01
497,Kaylil,Treat,ktreatds@goo.ne.jp,Female,2019-06-12
498,Mirabella,Chewter,mchewterdt@oakley.com,Female,2019-09-24
499,Carey,August,caugustdu@drupal.org,Male,2019-05-20
500,Romy,Johann,rjohanndv@mtv.com,Female,2019-09-20
501,Modestine,Fearn,mfearndw@pagesperso-orange.fr,Female,2020-01-02
502,Hebert,Bellelli,hbellellidx@aboutads.info,Male,2019-12-18
503,Carolee,Bohling,cbohlingdy@xrea.com,Female,2020-01-11
504,Tull,Hackin,thackindz@e-recht24.de,Male,2019-04-17
505,Valerye,Bernet,vbernete0@de.vu,Female,2019-08-19
506,Celestina,Dericot,cdericote1@infoseek.co.jp,Female,2019-06-22
507,Elita,Marikhin,emarikhine2@cnbc.com,Female,2019-09-20
508,Denise,Priscott,dpriscotte3@cbc.ca,Female,2019-09-29
509,Bourke,Dewerson,bdewersone4@washington.edu,Male,2019-05-07
510,Helen-elizabeth,Patsall,hpatsalle5@soundcloud.com,Female,2019-08-24
511,Nanice,Peto,npetoe6@wordpress.com,Female,2019-09-13
512,Clim,Mitskevich,cmitskeviche7@arizona.edu,Male,2019-07-18
513,Coraline,Blundell,cblundelle8@google.co.jp,Female,2019-12-03
514,Roxie,Mussalli,rmussallie9@ovh.net,Female,2019-04-24
515,Eddie,Blackie,eblackieea@jalbum.net,Male,2020-01-08
516,Ade,Rowston,arowstoneb@is.gd,Male,2019-11-16
517,Dulcinea,Kierans,dkieransec@discuz.net,Female,2019-05-26
518,Renae,Mallinar,rmallinared@cnbc.com,Female,2019-07-27
519,Sarena,Kedward,skedwardee@blinklist.com,Female,2019-07-13
520,Reggi,Vertey,rverteyef@virginia.edu,Female,2019-02-06
521,Mariska,O'Leahy,moleahyeg@senate.gov,Female,2019-05-08
522,Kellina,Joblin,kjoblineh@webmd.com,Female,2019-11-26
523,Nels,Gamet,ngametei@altervista.org,Male,2019-03-24
524,Zebulen,O'Clery,zocleryej@kickstarter.com,Male,2019-02-22
525,Darrin,Janusz,djanuszek@adobe.com,Male,2019-08-17
526,Rubin,Bevans,rbevansel@odnoklassniki.ru,Male,2019-03-07
527,Padget,Heditch,pheditchem@qq.com,Male,2019-05-28
528,Elise,Odd,eodden@si.edu,Female,2020-01-22
529,Annabell,Latham,alathameo@psu.edu,Female,2019-08-07
530,Ichabod,Clausson,iclaussonep@chron.com,Male,2019-08-20
531,Meridith,Ceci,mcecieq@ovh.net,Female,2019-09-16
532,Theodore,Fonso,tfonsoer@yahoo.com,Male,2019-03-28
533,Torey,Gert,tgertes@hp.com,Female,2019-04-30
534,Gris,Moxsom,gmoxsomet@qq.com,Male,2019-12-06
535,Corinne,Collcutt,ccollcutteu@tinyurl.com,Female,2019-11-16
536,Merlina,Bellwood,mbellwoodev@bloglines.com,Female,2019-10-02
537,Velvet,Lorincz,vlorinczew@photobucket.com,Female,2019-04-11
538,Gabie,Aspy,gaspyex@mac.com,Male,2019-04-12
539,Jilleen,Garrattley,jgarrattleyey@arizona.edu,Female,2019-11-07
540,Talia,Cerro,tcerroez@yellowpages.com,Female,2019-11-30
541,Emmery,Pepperd,epepperdf0@mapquest.com,Male,2020-01-09
542,Millicent,Latchford,mlatchfordf1@vimeo.com,Female,2019-09-29
543,Denyse,Cattell,dcattellf2@fc2.com,Female,2019-08-23
544,Sly,Willison,swillisonf3@tumblr.com,Male,2019-03-10
545,Berti,Marushak,bmarushakf4@sbwire.com,Female,2019-09-28
546,Deny,Pinock,dpinockf5@biglobe.ne.jp,Female,2019-05-23
547,Sayre,Sigars,ssigarsf6@exblog.jp,Female,2019-04-23
548,Tait,Lednor,tlednorf7@woothemes.com,Male,2019-09-13
549,Loleta,Hawkeridge,lhawkeridgef8@nhs.uk,Female,2019-06-30
550,Angie,Doodson,adoodsonf9@nydailynews.com,Male,2019-11-10
551,Hughie,France,hfrancefa@imgur.com,Male,2019-06-02
552,Artus,Pengelley,apengelleyfb@com.com,Male,2019-05-22
553,Joey,Braxton,jbraxtonfc@merriam-webster.com,Male,2019-04-10
554,Jacklin,Margeram,jmargeramfd@odnoklassniki.ru,Female,2019-03-13
555,Glenden,Deabill,gdeabillfe@cisco.com,Male,2020-01-05
556,Terrance,Kilmister,tkilmisterff@netvibes.com,Male,2019-07-28
557,Lind,Issacson,lissacsonfg@telegraph.co.uk,Male,2019-04-14
558,Margeaux,Tunney,mtunneyfh@cornell.edu,Female,2019-12-15
559,Minette,Henker,mhenkerfi@paypal.com,Female,2019-08-16
560,Iago,Gaythwaite,igaythwaitefj@boston.com,Male,2020-01-02
561,Bartie,Bowra,bbowrafk@ycombinator.com,Male,2019-05-29
562,Saxon,Spira,sspirafl@answers.com,Male,2019-05-04
563,Boone,Pavlata,bpavlatafm@deviantart.com,Male,2019-06-08
564,Rodina,Lambert-Ciorwyn,rlambertciorwynfn@odnoklassniki.ru,Female,2019-08-10
565,Jeannie,Antyukhin,jantyukhinfo@engadget.com,Female,2019-05-14
566,Worden,Goudie,wgoudiefp@topsy.com,Male,2019-10-05
567,Nicolette,Isaksson,nisakssonfq@wiley.com,Female,2019-10-24
568,Paquito,Vassbender,pvassbenderfr@state.tx.us,Male,2019-11-25
569,Grannie,Amyes,gamyesfs@zdnet.com,Male,2019-10-20
570,Pennie,Lakenton,plakentonft@pinterest.com,Male,2019-04-10
571,Joella,Tudbald,jtudbaldfu@google.ru,Female,2019-02-03
572,Alejandrina,Daw,adawfv@nps.gov,Female,2019-12-09
573,Toiboid,Laraway,tlarawayfw@google.com.au,Male,2019-12-01
574,Mayne,Carlesi,mcarlesifx@domainmarket.com,Male,2019-03-09
575,Lombard,Kennedy,lkennedyfy@economist.com,Male,2019-05-20
576,Adriaens,Forson,aforsonfz@answers.com,Female,2019-09-22
577,Jeffry,McMonnies,jmcmonniesg0@a8.net,Male,2020-01-31
578,Jeffie,Butts,jbuttsg1@parallels.com,Male,2019-11-23
579,Kris,Daly,kdalyg2@amazon.co.uk,Male,2019-11-28
580,Hunter,McKissack,hmckissackg3@nasa.gov,Male,2019-04-06
581,Yuri,Florio,yfloriog4@unesco.org,Male,2019-03-21
582,Dolf,Davidovich,ddavidovichg5@sina.com.cn,Male,2019-09-19
583,Hallsy,Mapham,hmaphamg6@home.pl,Male,2020-01-17
584,Aindrea,Vamplus,avamplusg7@homestead.com,Female,2019-05-14
585,Violette,Ellacombe,vellacombeg8@scribd.com,Female,2019-07-16
586,Hildegaard,Lawrence,hlawrenceg9@npr.org,Female,2019-09-14
587,Maribeth,Cockerell,mcockerellga@amazonaws.com,Female,2020-01-09
588,Dorthea,Gonnelly,dgonnellygb@webs.com,Female,2019-12-12
589,Englebert,Mochar,emochargc@biglobe.ne.jp,Male,2019-10-16
590,Robbert,Grizard,rgrizardgd@vinaora.com,Male,2019-12-23
591,Walton,Jest,wjestge@addtoany.com,Male,2019-02-19
592,Gregoire,Fronczak,gfronczakgf@prweb.com,Male,2019-02-10
593,Kania,Crennan,kcrennangg@edublogs.org,Female,2019-08-04
594,Fidelity,Laden,fladengh@twitter.com,Female,2019-03-03
595,Dun,Walliker,dwallikergi@163.com,Male,2019-11-18
596,Gina,Brindley,gbrindleygj@trellian.com,Female,2019-12-15
597,Maxim,Tamlett,mtamlettgk@studiopress.com,Male,2019-07-16
598,Kerrie,Fellgate,kfellgategl@hibu.com,Female,2019-09-30
599,Lem,Grishechkin,lgrishechkingm@pen.io,Male,2019-12-03
600,Vernon,Rushby,vrushbygn@creativecommons.org,Male,2019-08-01
601,Kellie,Edgecombe,kedgecombego@utexas.edu,Female,2019-03-11
602,Gabrila,Francais,gfrancaisgp@cdc.gov,Female,2019-10-06
603,Joela,Breton,jbretongq@zdnet.com,Female,2019-04-24
604,Kikelia,Aronov,karonovgr@intel.com,Female,2019-04-22
605,Riccardo,Spafford,rspaffordgs@sun.com,Male,2019-12-24
606,Orella,Keyse,okeysegt@jigsy.com,Female,2019-07-01
607,Nanine,Faulkener,nfaulkenergu@livejournal.com,Female,2019-08-25
608,Rollin,Magson,rmagsongv@51.la,Male,2019-08-12
609,Billie,Brauns,bbraunsgw@wikimedia.org,Male,2019-09-11
610,Minni,Kingsworth,mkingsworthgx@ucoz.ru,Female,2020-01-06
611,Katti,Cuberley,kcuberleygy@domainmarket.com,Female,2019-12-02
612,Hale,Kavanagh,hkavanaghgz@taobao.com,Male,2019-11-07
613,Peyton,Tallet,ptalleth0@blogger.com,Male,2020-01-07
614,Gus,Marjoribanks,gmarjoribanksh1@yale.edu,Female,2019-04-05
615,Arri,Goodswen,agoodswenh2@smugmug.com,Male,2019-10-28
616,Tades,Wickins,twickinsh3@istockphoto.com,Male,2019-09-02
617,Zechariah,Werndly,zwerndlyh4@list-manage.com,Male,2019-09-13
618,Ogden,Braven,obravenh5@youtu.be,Male,2019-03-16
619,Jess,Siddaley,jsiddaleyh6@theatlantic.com,Male,2019-10-05
620,Kanya,Wilne,kwilneh7@psu.edu,Female,2019-02-01
621,Alis,Richardet,arichardeth8@amazon.com,Female,2019-12-11
622,Christophorus,Rhodes,crhodesh9@state.tx.us,Male,2019-09-27
623,Shermie,Threader,sthreaderha@exblog.jp,Male,2019-04-27
624,Bernhard,Delleschi,bdelleschihb@dagondesign.com,Male,2019-12-06
625,Edwina,Gudgion,egudgionhc@feedburner.com,Female,2019-12-02
626,Graeme,Antonin,gantoninhd@intel.com,Male,2019-03-18
627,Lettie,Falvey,lfalveyhe@spiegel.de,Female,2019-02-14
628,Devina,Schumacher,dschumacherhf@ycombinator.com,Female,2019-03-02
629,Meredeth,Bearman,mbearmanhg@smh.com.au,Male,2019-05-10
630,Brion,Dyte,bdytehh@twitpic.com,Male,2019-10-20
631,Marlo,Di Roberto,mdirobertohi@devhub.com,Male,2019-09-29
632,Carolyne,Nuccitelli,cnuccitellihj@amazon.co.jp,Female,2019-08-05
633,Irving,Westraw,iwestrawhk@list-manage.com,Male,2019-04-29
634,Rina,Cains,rcainshl@webs.com,Female,2019-07-04
635,Rhonda,Bockler,rbocklerhm@state.gov,Female,2019-07-07
636,Simon,Thuillier,sthuillierhn@godaddy.com,Male,2019-09-29
637,Conan,Wassung,cwassungho@comcast.net,Male,2019-02-11
638,Parke,McLukie,pmclukiehp@deviantart.com,Male,2019-05-03
639,Bren,Copsey,bcopseyhq@webeden.co.uk,Female,2020-01-14
640,Farr,Lesor,flesorhr@joomla.org,Male,2020-01-30
641,Roderich,Christescu,rchristescuhs@paginegialle.it,Male,2019-12-25
642,Cate,Rosenstiel,crosenstielht@europa.eu,Female,2019-09-18
643,Jany,Dumbar,jdumbarhu@forbes.com,Female,2019-09-24
644,Dorey,Carmichael,dcarmichaelhv@cdbaby.com,Male,2019-09-22
645,Emili,Wogden,ewogdenhw@1und1.de,Female,2019-11-05
646,Jennifer,McLukie,jmclukiehx@sourceforge.net,Female,2019-05-02
647,Nita,Creasey,ncreaseyhy@constantcontact.com,Female,2019-02-26
648,Alaster,Fromont,afromonthz@tripadvisor.com,Male,2019-11-01
649,Samuele,Ducham,sduchami0@imgur.com,Male,2019-12-19
650,Karrah,Frost,kfrosti1@slideshare.net,Female,2019-03-30
651,Kat,Nason,knasoni2@geocities.jp,Female,2019-05-22
652,Ernesta,Worton,ewortoni3@51.la,Female,2019-04-15
653,Teddi,Moralis,tmoralisi4@goodreads.com,Female,2019-04-22
654,Ulick,Phillins,uphillinsi5@joomla.org,Male,2019-07-05
655,Noland,Choldcroft,ncholdcrofti6@aol.com,Male,2019-05-07
656,Engelbert,Dikes,edikesi7@ycombinator.com,Male,2019-06-03
657,Ashlin,Tellenbrook,atellenbrooki8@dedecms.com,Male,2019-02-26
658,Base,Aspinwall,baspinwalli9@wufoo.com,Male,2019-04-30
659,Verena,Tyers,vtyersia@seesaa.net,Female,2019-04-19
660,Angus,Zelake,azelakeib@cam.ac.uk,Male,2020-01-16
661,Blondy,Rizzello,brizzelloic@reuters.com,Female,2019-04-02
662,Andromache,Rotchell,arotchellid@wix.com,Female,2019-10-10
663,Trev,Plan,tplanie@samsung.com,Male,2019-04-25
664,Dyanna,Lowery,dloweryif@wikispaces.com,Female,2019-12-02
665,Maximilien,Ledes,mledesig@cbc.ca,Male,2019-11-27
666,Philbert,Dagon,pdagonih@yahoo.com,Male,2019-08-27
667,Xenia,Swadon,xswadonii@yellowpages.com,Female,2019-11-08
668,Doreen,Stoffersen,dstoffersenij@opera.com,Female,2019-02-21
669,Efren,Pennick,epennickik@blogger.com,Male,2019-03-16
670,Tracy,de Voiels,tdevoielsil@howstuffworks.com,Female,2019-05-10
671,Franzen,Gilling,fgillingim@newsvine.com,Male,2019-03-10
672,Kenneth,St. Queintain,kstqueintainin@netvibes.com,Male,2019-03-30
673,Foss,Loreit,floreitio@paginegialle.it,Male,2019-02-04
674,Porty,Heathcote,pheathcoteip@360.cn,Male,2019-07-04
675,Maggie,Bleas,mbleasiq@google.com.br,Female,2019-07-06
676,Fairlie,Adenot,fadenotir@upenn.edu,Male,2019-07-03
677,Ariel,Bernolet,abernoletis@wired.com,Female,2019-12-16
678,Noe,Colloff,ncolloffit@hostgator.com,Male,2019-06-27
679,Nydia,Schutt,nschuttiu@bandcamp.com,Female,2020-01-30
680,Meggie,Dwerryhouse,mdwerryhouseiv@dailymail.co.uk,Female,2019-07-07
681,Marcia,Slot,mslotiw@ucoz.ru,Female,2019-11-02
682,Concordia,Wornham,cwornhamix@plala.or.jp,Female,2020-01-26
683,Gonzalo,Harbottle,gharbottleiy@sourceforge.net,Male,2019-06-30
684,Malissa,Chatelet,mchateletiz@networksolutions.com,Female,2019-12-13
685,Archie,Fri,afrij0@ocn.ne.jp,Male,2019-12-29
686,Kirbee,Bruggeman,kbruggemanj1@cnet.com,Female,2019-02-23
687,Joeann,Handrahan,jhandrahanj2@economist.com,Female,2019-11-20
688,Camey,Drinkhill,cdrinkhillj3@oaic.gov.au,Male,2020-01-13
689,Susan,Cavill,scavillj4@amazon.de,Female,2019-05-03
690,Thekla,Berrick,tberrickj5@4shared.com,Female,2019-08-10
691,Catrina,Calderhead,ccalderheadj6@nytimes.com,Female,2019-11-20
692,Myrah,Hedau,mhedauj7@xinhuanet.com,Female,2019-11-26
693,Annamaria,Curzey,acurzeyj8@ucoz.ru,Female,2019-04-30
694,Elroy,Labrow,elabrowj9@redcross.org,Male,2019-09-05
695,Mavra,Laurie,mlaurieja@marketwatch.com,Female,2019-09-29
696,Patric,Alabone,palabonejb@craigslist.org,Male,2019-09-22
697,Culver,Iorns,ciornsjc@state.gov,Male,2019-08-15
698,Silvester,Coade,scoadejd@tinyurl.com,Male,2019-05-24
699,Inglis,Kunert,ikunertje@geocities.jp,Male,2020-01-22
700,Zulema,Matheson,zmathesonjf@mozilla.org,Female,2019-08-22
701,Alasdair,Clewlowe,aclewlowejg@topsy.com,Male,2020-01-11
702,Alphard,Shimuk,ashimukjh@bandcamp.com,Male,2019-09-15
703,Bobine,Kelcher,bkelcherji@goo.gl,Female,2019-11-22
704,Gilbertina,de Vaen,gdevaenjj@jalbum.net,Female,2019-08-25
705,Abbey,Parradice,aparradicejk@twitpic.com,Male,2019-08-01
706,Philis,Gwilliam,pgwilliamjl@ning.com,Female,2020-01-07
707,Lawrence,Prior,lpriorjm@geocities.jp,Male,2019-12-27
708,Florrie,Coathup,fcoathupjn@mapquest.com,Female,2020-01-19
709,Patrice,Boanas,pboanasjo@microsoft.com,Male,2019-05-21
710,Scot,Gold,sgoldjp@toplist.cz,Male,2019-07-29
711,Mack,Huegett,mhuegettjq@washingtonpost.com,Male,2019-04-24
712,Rochelle,Fancet,rfancetjr@nationalgeographic.com,Female,2019-08-14
713,Reece,Holsey,rholseyjs@odnoklassniki.ru,Male,2019-03-28
714,Hortensia,Pudge,hpudgejt@purevolume.com,Female,2019-12-18
715,Francklin,Broggetti,fbroggettiju@latimes.com,Male,2019-06-14
716,Clary,Cassimer,ccassimerjv@livejournal.com,Female,2019-03-26
717,Barnett,Doogue,bdooguejw@ycombinator.com,Male,2019-03-21
718,Lorianna,Darlison,ldarlisonjx@noaa.gov,Female,2019-08-26
719,Georas,Sussams,gsussamsjy@soup.io,Male,2019-08-18
720,Aguistin,Thornton,athorntonjz@nationalgeographic.com,Male,2019-04-12
721,Noble,Honnicott,nhonnicottk0@dyndns.org,Male,2019-08-04
722,Rafe,Hussell,rhussellk1@arizona.edu,Male,2019-07-15
723,Cortie,Scud,cscudk2@mozilla.com,Male,2019-04-28
724,Lennie,Terese,lteresek3@youtu.be,Male,2019-06-17
725,Heall,Turrell,hturrellk4@jiathis.com,Male,2019-04-12
726,Torrin,Poli,tpolik5@uol.com.br,Male,2020-01-26
727,Mimi,Montford,mmontfordk6@omniture.com,Female,2019-09-08
728,Haleigh,Dincey,hdinceyk7@house.gov,Male,2019-05-20
729,Alaric,Kellaway,akellawayk8@wp.com,Male,2019-07-29
730,Merola,Geeraert,mgeeraertk9@google.com.hk,Female,2019-09-22
731,Mikey,Brighty,mbrightyka@foxnews.com,Male,2019-12-10
732,Rebeka,Babber,rbabberkb@youtube.com,Female,2019-02-10
733,Theo,Aldous,taldouskc@infoseek.co.jp,Female,2019-05-02
734,Baillie,Folder,bfolderkd@walmart.com,Male,2019-10-30
735,Tanney,Heningam,theningamke@cmu.edu,Male,2019-04-03
736,Warren,Gascoine,wgascoinekf@paypal.com,Male,2019-08-12
737,Hyacinthie,Lennie,hlenniekg@wp.com,Female,2019-07-31
738,Etti,MacCaffery,emaccafferykh@ifeng.com,Female,2019-10-30
739,Horace,Gather,hgatherki@canalblog.com,Male,2019-11-30
740,Ardenia,Sturges,asturgeskj@networksolutions.com,Female,2019-05-17
741,Alida,Kohnen,akohnenkk@barnesandnoble.com,Female,2019-03-09
742,Luella,Gissing,lgissingkl@typepad.com,Female,2019-04-13
743,Keane,Druce,kdrucekm@mysql.com,Male,2019-04-19
744,Robb,Feehan,rfeehankn@opensource.org,Male,2019-05-19
745,Harvey,Withnall,hwithnallko@mozilla.com,Male,2019-02-18
746,Kikelia,Balaam,kbalaamkp@japanpost.jp,Female,2019-12-24
747,Toni,Godding,tgoddingkq@phpbb.com,Female,2019-08-17
748,Bancroft,Shevill,bshevillkr@who.int,Male,2019-12-01
749,Guillemette,Cattach,gcattachks@storify.com,Female,2019-05-08
750,Andree,Dalgetty,adalgettykt@prlog.org,Female,2019-12-31
751,Kara,Seywood,kseywoodku@hibu.com,Female,2019-03-16
752,Gene,Rowat,growatkv@eepurl.com,Female,2019-11-26
753,Fidelity,Sallenger,fsallengerkw@storify.com,Female,2019-11-27
754,Ardis,Innot,ainnotkx@sciencedaily.com,Female,2019-05-04
755,Tad,Cordeux,tcordeuxky@mayoclinic.com,Male,2019-12-17
756,Ursa,Aucock,uaucockkz@xrea.com,Female,2019-07-31
757,Arnuad,Overlow,aoverlowl0@pagesperso-orange.fr,Male,2019-03-01
758,Barri,Dunrige,bdunrigel1@buzzfeed.com,Male,2019-06-20
759,Shawn,Slocom,sslocoml2@issuu.com,Male,2019-06-24
760,Jeniffer,Heathfield,jheathfieldl3@sciencedirect.com,Female,2019-12-17
761,Whitaker,Burchill,wburchilll4@washington.edu,Male,2019-07-22
762,Karry,Wayne,kwaynel5@google.de,Female,2019-10-29
763,Chic,Wildber,cwildberl6@instagram.com,Male,2019-12-03
764,Olive,Gudgen,ogudgenl7@google.com.hk,Female,2019-06-15
765,Pietra,Iacobassi,piacobassil8@tuttocitta.it,Female,2019-02-14
766,Loise,Bickerton,lbickertonl9@tripadvisor.com,Female,2019-11-27
767,Clevey,Babbe,cbabbela@utexas.edu,Male,2019-09-17
768,Ingeborg,Dundin,idundinlb@ed.gov,Female,2019-07-10
769,Kimball,Pady,kpadylc@xrea.com,Male,2019-11-20
770,Carney,Lackham,clackhamld@nbcnews.com,Male,2020-01-17
771,Olav,Kindle,okindlele@alexa.com,Male,2019-12-07
772,Hurley,Herrema,hherremalf@bravesites.com,Male,2019-10-04
773,Kin,Lynagh,klynaghlg@merriam-webster.com,Male,2019-08-24
774,Malory,Gater,mgaterlh@bigcartel.com,Female,2019-12-08
775,Bernardina,Borge,bborgeli@webs.com,Female,2019-11-02
776,Laurie,Bixley,lbixleylj@opensource.org,Female,2019-10-29
777,Chloris,Marsay,cmarsaylk@google.com.br,Female,2019-11-15
778,Kathi,Gouldie,kgouldiell@msu.edu,Female,2019-09-03
779,Cheri,Eccleshall,ceccleshalllm@hud.gov,Female,2019-07-25
780,Daisie,Seacombe,dseacombeln@geocities.com,Female,2019-09-06
781,Domingo,Howlett,dhowlettlo@dell.com,Male,2019-06-29
782,Georgeanna,Swalwel,gswalwellp@ovh.net,Female,2020-01-30
783,Marshall,Glisenan,mglisenanlq@issuu.com,Male,2019-12-14
784,Torie,Falls,tfallslr@columbia.edu,Female,2019-04-21
785,Lew,Kroger,lkrogerls@craigslist.org,Male,2019-08-01
786,Dilly,Ciani,dcianilt@cloudflare.com,Male,2019-09-25
787,Barnabe,Charlotte,bcharlottelu@opensource.org,Male,2019-07-15
788,Lucas,Thickpenny,lthickpennylv@chronoengine.com,Male,2019-11-18
789,Othello,McPhillips,omcphillipslw@friendfeed.com,Male,2019-02-19
790,Daveta,Rush,drushlx@w3.org,Female,2019-09-29
791,Chicky,Daddow,cdaddowly@oaic.gov.au,Male,2019-12-29
792,Neely,Pindar,npindarlz@amazon.co.jp,Female,2019-03-21
793,Tyrus,Androletti,tandrolettim0@bizjournals.com,Male,2019-07-01
794,Bond,Thorp,bthorpm1@usda.gov,Male,2019-07-30
795,Jonie,Livick,jlivickm2@merriam-webster.com,Female,2019-04-26
796,Kelley,Congrave,kcongravem3@lulu.com,Male,2019-02-16
797,Launce,Stebbings,lstebbingsm4@indiegogo.com,Male,2019-09-05
798,Asher,Tullett,atullettm5@google.nl,Male,2019-08-27
799,Ruddy,Eck,reckm6@auda.org.au,Male,2019-09-18
800,Aland,De Paoli,adepaolim7@ucsd.edu,Male,2019-12-13
801,Lucila,Levensky,llevenskym8@uol.com.br,Female,2019-09-25
802,Judon,Rootham,jroothamm9@icio.us,Male,2019-04-28
803,Eleonora,Ianne,eiannema@imdb.com,Female,2019-10-01
804,Camala,Routham,crouthammb@senate.gov,Female,2019-08-03
805,Brennan,Sawl,bsawlmc@php.net,Male,2019-06-10
806,Brendan,Arnald,barnaldmd@umn.edu,Male,2019-05-21
807,Adan,Jolliff,ajolliffme@ucoz.com,Male,2019-11-05
808,Noel,Sinderson,nsindersonmf@sitemeter.com,Male,2019-07-27
809,Hermon,Gregson,hgregsonmg@redcross.org,Male,2020-01-18
810,Odele,Richardon,orichardonmh@chron.com,Female,2020-01-25
811,Jocelyn,Fosher,jfoshermi@miibeian.gov.cn,Female,2019-08-04
812,Laraine,Kellar,lkellarmj@wired.com,Female,2020-01-05
813,Esra,Heckney,eheckneymk@domainmarket.com,Male,2019-09-29
814,Sebastiano,Pettingall,spettingallml@yolasite.com,Male,2019-07-08
815,Jamaal,Daw,jdawmm@wunderground.com,Male,2019-11-24
816,Ody,Windsor,owindsormn@nba.com,Male,2019-05-06
817,Lauryn,Chaudrelle,lchaudrellemo@shutterfly.com,Female,2020-01-23
818,Elsworth,Eloi,eeloimp@gmpg.org,Male,2019-12-15
819,Corey,Haxbie,chaxbiemq@stumbleupon.com,Male,2019-12-17
820,Cliff,Houseman,chousemanmr@blogger.com,Male,2019-07-18
821,Lance,Richardeau,lrichardeaums@chicagotribune.com,Male,2019-11-25
822,Theo,MacIllrick,tmacillrickmt@umn.edu,Male,2019-03-11
823,Melodie,Brimilcombe,mbrimilcombemu@cocolog-nifty.com,Female,2019-12-06
824,Thor,De Goey,tdegoeymv@trellian.com,Male,2019-07-02
825,Cammy,Bouttell,cbouttellmw@blogspot.com,Male,2019-11-20
826,Purcell,Sayles,psaylesmx@geocities.com,Male,2019-10-29
827,Sargent,Ivatts,sivattsmy@answers.com,Male,2019-10-02
828,Kendra,Creeber,kcreebermz@histats.com,Female,2019-10-14
829,Elise,Malby,emalbyn0@trellian.com,Female,2019-08-15
830,Meryl,Imison,mimisonn1@google.es,Male,2019-05-12
831,Fonz,Jeyness,fjeynessn2@sakura.ne.jp,Male,2019-02-02
832,Willdon,Somersett,wsomersettn3@t-online.de,Male,2019-04-03
833,Wanids,Cantos,wcantosn4@prweb.com,Female,2019-08-15
834,Irving,Finker,ifinkern5@yandex.ru,Male,2019-08-03
835,Kinsley,Wernham,kwernhamn6@dedecms.com,Male,2019-04-30
836,Pennie,Fayer,pfayern7@bbb.org,Male,2020-01-08
837,Adiana,Rentilll,arentillln8@ow.ly,Female,2019-08-13
838,Kath,Seage,kseagen9@yandex.ru,Female,2019-08-07
839,Filia,Cruden,fcrudenna@oracle.com,Female,2019-06-21
840,Emery,Batkin,ebatkinnb@cloudflare.com,Male,2019-03-22
841,Gratia,Northbridge,gnorthbridgenc@oracle.com,Female,2019-04-30
842,Erroll,Self,eselfnd@wsj.com,Male,2019-09-26
843,Laure,Purry,lpurryne@cnbc.com,Female,2019-02-05
844,Margery,Gingles,mginglesnf@mail.ru,Female,2019-08-14
845,Sly,Wolfendell,swolfendellng@purevolume.com,Male,2019-08-04
846,Adella,Trebble,atrebblenh@utexas.edu,Female,2019-10-23
847,Doreen,Dibnah,ddibnahni@google.cn,Female,2019-04-26
848,Gerard,Emmerson,gemmersonnj@homestead.com,Male,2019-08-25
849,Tedmund,Pouton,tpoutonnk@berkeley.edu,Male,2019-05-20
850,Darbie,Robecon,drobeconnl@csmonitor.com,Female,2019-04-29
851,Alvy,Downe,adownenm@altervista.org,Male,2019-11-09
852,Winny,Sulter,wsulternn@trellian.com,Male,2019-06-05
853,Benoite,Lambregts,blambregtsno@joomla.org,Female,2019-07-27
854,Maryl,Pahlsson,mpahlssonnp@cafepress.com,Female,2019-02-24
855,Kiah,Veare,kvearenq@free.fr,Female,2019-05-08
856,Monica,Miskin,mmiskinnr@whitehouse.gov,Female,2019-09-09
857,Celesta,Tsarovic,ctsarovicns@mysql.com,Female,2020-01-18
858,Lucina,Rapper,lrappernt@nih.gov,Female,2019-12-25
859,Leonore,Perfili,lperfilinu@rambler.ru,Female,2020-01-21
860,Kenneth,Piperley,kpiperleynv@ed.gov,Male,2019-05-02
861,Tremaine,Rickasse,trickassenw@51.la,Male,2019-10-25
862,Merralee,Tran,mtrannx@goo.ne.jp,Female,2019-03-18
863,Claus,Linggood,clinggoodny@tinyurl.com,Male,2019-07-04
864,Carlina,Geldeford,cgeldefordnz@lulu.com,Female,2019-10-03
865,Carlina,Caldecott,ccaldecotto0@twitpic.com,Female,2019-11-18
866,Webster,Dawidowitsch,wdawidowitscho1@smugmug.com,Male,2019-11-01
867,Baillie,Townrow,btownrowo2@techcrunch.com,Male,2019-11-28
868,Lilllie,Tresler,ltreslero3@sciencedaily.com,Female,2019-06-05
869,Ian,Boleyn,iboleyno4@auda.org.au,Male,2019-03-04
870,Amby,Merrick,amerricko5@163.com,Male,2019-10-20
871,Pieter,Estick,pesticko6@printfriendly.com,Male,2019-11-28
872,Marigold,Cowan,mcowano7@unicef.org,Female,2019-12-28
873,Lulu,Songer,lsongero8@joomla.org,Female,2019-11-25
874,Barde,Tresise,btresiseo9@dedecms.com,Male,2019-02-07
875,Roxy,Crosfield,rcrosfieldoa@archive.org,Female,2019-12-27
876,Selena,Lowings,slowingsob@apache.org,Female,2019-04-23
877,Sergeant,Guerrero,sguerrerooc@hhs.gov,Male,2019-12-31
878,Torrey,Franssen,tfranssenod@huffingtonpost.com,Male,2019-02-04
879,Celinka,Pennaman,cpennamanoe@ebay.com,Female,2019-12-28
880,Chickie,Mallord,cmallordof@cocolog-nifty.com,Female,2019-12-02
881,Amble,Cosgriff,acosgriffog@linkedin.com,Male,2019-09-09
882,Llywellyn,Upjohn,lupjohnoh@theatlantic.com,Male,2019-11-19
883,Monah,Buntine,mbuntineoi@deviantart.com,Female,2019-02-26
884,Doyle,Glayzer,dglayzeroj@purevolume.com,Male,2019-06-18
885,Cam,Boggers,cboggersok@huffingtonpost.com,Male,2019-02-02
886,Hube,Birtwhistle,hbirtwhistleol@cloudflare.com,Male,2019-04-19
887,Otis,Dunbar,odunbarom@meetup.com,Male,2019-09-09
888,Brantley,Kinloch,bkinlochon@wufoo.com,Male,2019-11-24
889,Zonda,Brady,zbradyoo@businessweek.com,Female,2019-02-16
890,Bendick,Robbeke,brobbekeop@yahoo.co.jp,Male,2019-04-11
891,Kym,Wainer,kwaineroq@fema.gov,Female,2019-04-09
892,Ardine,Gunston,agunstonor@independent.co.uk,Female,2020-01-02
893,Archer,Mungan,amunganos@unicef.org,Male,2019-05-25
894,Elsa,Durnill,edurnillot@cpanel.net,Female,2019-09-26
895,Hailey,Eckersall,heckersallou@google.es,Male,2019-05-29
896,Marget,Foggo,mfoggoov@google.com.au,Female,2019-03-28
897,Lenette,Blois,lbloisow@123-reg.co.uk,Female,2019-04-20
898,Leonerd,O'Roan,loroanox@symantec.com,Male,2019-08-06
899,Teddy,Hedon,thedonoy@toplist.cz,Female,2019-10-22
900,Andrus,Manssuer,amanssueroz@mozilla.com,Male,2019-03-03
901,Ky,Arrell,karrellp0@google.pl,Male,2019-05-01
902,Donn,Joerning,djoerningp1@globo.com,Male,2019-02-16
903,Kerby,Cayette,kcayettep2@ebay.co.uk,Male,2019-05-14
904,Babs,D'Errico,bderricop3@amazon.co.uk,Female,2019-06-20
905,Louis,Daveran,ldaveranp4@chron.com,Male,2019-10-05
906,Berget,Caesman,bcaesmanp5@netscape.com,Female,2019-04-17
907,Melitta,Royal,mroyalp6@icio.us,Female,2019-12-12
908,Pippy,Hibbart,phibbartp7@bandcamp.com,Female,2019-09-11
909,Lavina,Winscom,lwinscomp8@apple.com,Female,2019-02-05
910,Durant,Huleatt,dhuleattp9@opensource.org,Male,2019-08-21
911,Maurizio,Tipler,mtiplerpa@behance.net,Male,2019-02-09
912,Quinn,Till,qtillpb@state.tx.us,Male,2019-12-07
913,Julie,Lilliman,jlillimanpc@sogou.com,Male,2019-03-20
914,Tybalt,Embery,temberypd@mashable.com,Male,2019-08-24
915,Sammie,Burris,sburrispe@google.com.au,Male,2019-12-18
916,Emmalynne,Kitchenman,ekitchenmanpf@taobao.com,Female,2019-12-28
917,Reynard,Weedenburg,rweedenburgpg@forbes.com,Male,2020-01-14
918,Baillie,Bartoletti,bbartolettiph@globo.com,Male,2019-12-10
919,Caddric,Barrowcliffe,cbarrowcliffepi@networkadvertising.org,Male,2019-07-19
920,Norry,Larking,nlarkingpj@gizmodo.com,Male,2019-05-21
921,Sumner,Sibyllina,ssibyllinapk@reference.com,Male,2019-02-25
922,Ibrahim,MacElharge,imacelhargepl@storify.com,Male,2019-06-24
923,Pate,Crehan,pcrehanpm@reuters.com,Male,2019-04-23
924,Lucie,Gresch,lgreschpn@hp.com,Female,2019-02-02
925,Lynne,Redding,lreddingpo@simplemachines.org,Female,2019-07-29
926,Layney,Dalinder,ldalinderpp@ask.com,Female,2019-04-06
927,Daphne,Kingaby,dkingabypq@blogspot.com,Female,2019-04-26
928,Shena,Anstis,sanstispr@prnewswire.com,Female,2019-04-24
929,Ansel,Giacomelli,agiacomellips@cdc.gov,Male,2019-12-13
930,Germaine,O'Hanlon,gohanlonpt@com.com,Male,2019-06-16
931,Tedda,Pirrey,tpirreypu@narod.ru,Female,2019-05-30
932,Katharine,Mapholm,kmapholmpv@xing.com,Female,2019-10-16
933,Eudora,Sackler,esacklerpw@ox.ac.uk,Female,2019-09-15
934,Shirley,Blazynski,sblazynskipx@icq.com,Female,2019-05-05
935,Lezley,Meakin,lmeakinpy@gizmodo.com,Male,2019-12-13
936,Emelen,Hiseman,ehisemanpz@xinhuanet.com,Male,2019-08-18
937,Gunther,Auger,gaugerq0@so-net.ne.jp,Male,2019-02-23
938,Costanza,Mashro,cmashroq1@sun.com,Female,2019-02-06
939,Cyb,Bulcock,cbulcockq2@comcast.net,Female,2019-05-10
940,Coop,Scutcheon,cscutcheonq3@skype.com,Male,2020-01-03
941,Lorenza,Pacitti,lpacittiq4@mediafire.com,Female,2019-02-22
942,Edy,Cage,ecageq5@theatlantic.com,Female,2019-07-05
943,Caty,Andriolli,candriolliq6@123-reg.co.uk,Female,2019-07-02
944,Tammie,De Maria,tdemariaq7@biblegateway.com,Male,2019-08-08
945,Eleen,Mulrooney,emulrooneyq8@house.gov,Female,2019-03-22
946,Davida,Normavell,dnormavellq9@mlb.com,Female,2019-12-13
947,Thorny,Nanuccioi,tnanuccioiqa@nps.gov,Male,2019-03-06
948,Berty,Fallows,bfallowsqb@wikispaces.com,Female,2019-03-05
949,Nonah,MacClenan,nmacclenanqc@walmart.com,Female,2019-07-11
950,Cariotta,Lavies,claviesqd@w3.org,Female,2019-10-08
951,Hamlen,McCaughey,hmccaugheyqe@ycombinator.com,Male,2019-07-06
952,Eleni,Hiom,ehiomqf@eepurl.com,Female,2019-04-19
953,Neda,Alwen,nalwenqg@amazonaws.com,Female,2020-01-16
954,Danyette,Di Antonio,ddiantonioqh@imageshack.us,Female,2019-08-17
955,Aeriel,Smartman,asmartmanqi@eepurl.com,Female,2019-04-20
956,Gael,Badrock,gbadrockqj@cnn.com,Female,2019-06-18
957,Cassi,Gelling,cgellingqk@phoca.cz,Female,2019-04-27
958,Clea,Tacker,ctackerql@skype.com,Female,2019-08-05
959,Bronny,Cretney,bcretneyqm@cnbc.com,Male,2020-01-09
960,Alejoa,Parradye,aparradyeqn@bigcartel.com,Male,2019-04-05
961,Donal,Navein,dnaveinqo@elegantthemes.com,Male,2019-12-16
962,Jenda,Twopenny,jtwopennyqp@exblog.jp,Female,2019-06-09
963,Buffy,Scruby,bscrubyqq@sun.com,Female,2019-03-26
964,Weider,Lillywhite,wlillywhiteqr@digg.com,Male,2019-02-05
965,Langsdon,Guyton,lguytonqs@artisteer.com,Male,2019-12-26
966,Dukey,Georg,dgeorgqt@springer.com,Male,2019-03-03
967,Augustus,McKinty,amckintyqu@utexas.edu,Male,2019-08-01
968,Sheffie,Unthank,sunthankqv@weibo.com,Male,2019-08-16
969,Elvira,Catterall,ecatterallqw@miibeian.gov.cn,Female,2019-04-14
970,Fritz,Ferneley,fferneleyqx@soundcloud.com,Male,2019-02-23
971,Wyndham,McQuode,wmcquodeqy@comsenz.com,Male,2019-10-21
972,Rosie,Dorman,rdormanqz@umn.edu,Female,2019-04-26
973,Bernard,Sturge,bsturger0@accuweather.com,Male,2019-05-17
974,Alison,Feighney,afeighneyr1@t-online.de,Female,2019-09-18
975,Pepita,Verecker,pvereckerr2@weibo.com,Female,2019-06-24
976,Yalonda,Robertson,yrobertsonr3@walmart.com,Female,2019-04-19
977,Coleen,Normanvill,cnormanvillr4@blogs.com,Female,2019-10-31
978,Flora,Dyble,fdybler5@wikipedia.org,Female,2019-05-13
979,Margaretta,Caunter,mcaunterr6@techcrunch.com,Female,2019-03-30
980,Madeline,Degli Antoni,mdegliantonir7@plala.or.jp,Female,2019-08-12
981,Caddric,Kilalea,ckilalear8@ed.gov,Male,2019-03-06
982,Ilario,Chatainier,ichatainierr9@rediff.com,Male,2019-12-19
983,Darelle,Hegg,dheggra@msu.edu,Female,2019-04-28
984,Sanders,Beckles,sbecklesrb@nhs.uk,Male,2019-12-15
985,Antonio,Marder,amarderrc@yellowbook.com,Male,2019-07-25
986,Caye,Raynham,craynhamrd@lycos.com,Female,2019-11-23
987,Maureen,Seeking,mseekingre@statcounter.com,Female,2019-10-28
988,Rhodie,Jamson,rjamsonrf@archive.org,Female,2019-04-24
989,Lefty,Tiller,ltillerrg@bravesites.com,Male,2019-04-22
990,Merl,Del Checolo,mdelchecolorh@npr.org,Female,2019-03-20
991,Maximilianus,Dominichetti,mdominichettiri@skyrock.com,Male,2019-02-14
992,Naoma,Angrick,nangrickrj@soup.io,Female,2020-01-23
993,Athena,Rawood,arawoodrk@oakley.com,Female,2019-03-07
994,Winfred,Hurdidge,whurdidgerl@answers.com,Male,2019-06-17
995,Ynes,Pomfret,ypomfretrm@wp.com,Female,2020-01-30
996,Ervin,Dunkerly,edunkerlyrn@blinklist.com,Male,2019-05-28
997,Helsa,Dulany,hdulanyro@prlog.org,Female,2019-06-21
998,Reamonn,Dumblton,rdumbltonrp@de.vu,Male,2019-05-30
999,Livia,Dufton,lduftonrq@php.net,Female,2019-09-13
1000,Von,Branston,vbranstonrr@wikipedia.org,Male,2019-06-15
